date,Close,High,Low,Open,Volume,symbol
,AAPL,AAPL,AAPL,AAPL,AAPL,
2023-04-13,163.9070587158203,164.1446680117871,159.80839277568336,160.0163027979601,68445600,AAPL
2023-04-14,163.56053161621094,164.6594498569072,162.18441013519882,162.9467114928456,49386500,AAPL
2023-04-17,163.58033752441406,163.73874370809605,162.39232135968928,163.4417358903036,41516200,AAPL
2023-04-18,164.80796813964844,165.73858561594125,163.99614775175192,164.44166704612937,49923000,AAPL
2023-04-19,165.9563751220703,166.48108235627174,163.8872303481945,164.14464415802902,47720200,AAPL
2023-04-20,164.9861602783203,166.19398100625685,163.90704646438456,164.43175373561738,52456400,AAPL
2023-04-21,163.37246704101562,164.78818286482107,162.8477596972957,163.40216631658865,58337300,AAPL
2023-04-24,163.67935180664062,163.94666036414364,162.25372630855222,163.3526447044582,41949600,AAPL
2023-04-25,162.13491821289062,164.64955210777222,162.09530911482935,163.5407390651718,48714100,AAPL
2023-04-26,162.12501525878906,163.62984381357916,161.1746083552498,161.43200707778223,45498800,AAPL
2023-04-27,166.72857666015625,166.8770729984066,163.54072434320634,163.54072434320634,64902300,AAPL
2023-04-28,167.98590087890625,168.15421688581486,166.2038842356674,166.80779457565893,55209200,AAPL
2023-05-01,167.89678955078125,168.74820381228082,166.9562774855819,167.58988704485296,52472900,AAPL
2023-05-02,166.85728454589844,168.6492261368123,165.86726857821876,168.3918123170909,48425700,AAPL
2023-05-03,165.77818298339844,169.21353985292495,165.4910849784499,167.80771888799373,65136000,AAPL
2023-05-04,164.1347198486328,165.37223965151196,162.6695006318279,163.243711633137,81235400,AAPL
2023-05-05,171.83709716796875,172.5598046719848,169.0551393113796,169.27294405611536,113316400,AAPL
2023-05-08,171.76776123046875,172.1142728432519,170.39163971305302,170.75794076749395,55962800,AAPL
2023-05-09,170.05503845214844,171.80735575023974,169.8867375588741,171.32225761857964,45326900,AAPL
2023-05-10,171.82717895507812,172.29248769554175,170.1837487273319,171.29257694818676,53724500,AAPL
2023-05-11,172.01527404785156,172.84688383352895,170.4510470092042,172.11428168700377,49514700,AAPL
2023-05-12,171.08335876464844,172.5605130962495,169.52687667093326,172.12430116865193,45497800,AAPL
2023-05-15,170.58767700195312,171.71785564660993,169.9928397669383,171.66828335580215,37266700,AAPL
2023-05-16,170.58767700195312,171.64845141401116,170.3199987334625,170.50836436212853,42110300,AAPL
2023-05-17,171.20233154296875,171.4402543357864,168.9518826544196,170.23077817517168,57951600,AAPL
2023-05-18,173.5419921875,173.73035780662187,171.09326939359272,171.50964938607018,65496700,AAPL
2023-05-19,173.6510467529297,174.87044639396197,173.43294078431077,174.87044639396197,55772400,AAPL
2023-05-22,172.69932556152344,173.20494177332736,171.95578654636702,172.481219573557,43570900,AAPL
2023-05-23,170.08206176757812,171.88639029719062,169.80447509030535,171.6385439691014,50747300,AAPL
2023-05-24,170.35963439941406,170.93463964845503,169.05101376120967,169.61609547644804,45143500,AAPL
2023-05-25,171.49977111816406,172.40192036340346,170.21096703266915,170.92476575302507,56058300,AAPL
2023-05-26,173.91871643066406,174.2557989304357,171.61871039409903,171.82690796374212,54835000,AAPL
2023-05-30,175.7726287841797,177.44807247659148,175.04892170114425,175.43556138959772,55964400,AAPL
2023-05-31,175.72305297851562,177.80496826079084,175.23726871202743,175.80236562165695,99625300,AAPL
2023-06-01,178.53857421875,178.56831456742498,175.4057930547119,176.16916396782793,68901800,AAPL
2023-06-02,179.39117431640625,180.21402596420296,177.71573067078862,179.4704869589175,61945900,AAPL
2023-06-05,178.03298950195312,183.35672418608127,176.50624753561252,181.05671795588958,121946500,AAPL
2023-06-06,177.6661834716797,178.56833268525313,175.9015035496613,178.41963092679066,64848400,AAPL
2023-06-07,176.2881622314453,179.6489581922576,175.79246952260962,176.90281634965245,61944600,AAPL
2023-06-08,179.0144500732422,179.28211321134853,175.93124119908015,176.36743802214428,50214900,AAPL
2023-06-09,179.40109252929688,180.6601409825454,179.0739335613958,179.93643394119178,48870700,AAPL
2023-06-12,182.2067108154297,182.30585540353945,179.41101193334958,179.7084305703386,54274900,AAPL
2023-06-13,181.7308349609375,182.5635949733869,180.86833459999627,181.2252339092373,54929100,AAPL
2023-06-14,182.3653106689453,182.8015225920405,180.45194442949565,181.7903054182597,57462900,AAPL
2023-06-15,184.40757751464844,184.91319370821412,182.19679249165128,182.37524971506843,65433200,AAPL
2023-06-16,183.3269805908203,185.37915556544473,182.68258615200966,185.12138568804832,101235600,AAPL
2023-06-20,183.4161834716797,184.49680491343358,182.82136138571053,182.82136138571053,49799100,AAPL
2023-06-21,182.37525939941406,183.8127651610623,181.01705115534045,183.30714894064778,49515700,AAPL
2023-06-22,185.38905334472656,185.43862563579464,182.0877384404729,182.15714267343606,51245300,AAPL
2023-06-23,185.07179260253906,185.94421646985703,183.41618103785228,183.95153754819322,53079300,AAPL
2023-06-26,183.67396545410156,186.43001547826037,183.63430156934749,185.22052415803645,48088700,AAPL
2023-06-27,186.43991088867188,186.7670698420573,184.07050070567323,184.28860667459685,50730800,AAPL
2023-06-28,187.61968994140625,188.2640844107442,185.9839100562617,186.31105393141783,51216800,AAPL
2023-06-29,187.9567413330078,188.43261718372244,187.31234691859044,187.45114025988062,46347300,AAPL
2023-06-30,192.29901123046875,192.8046122965116,189.61235036422667,189.9791732182635,85069600,AAPL
2023-07-03,190.80203247070312,192.20979786240994,190.1080506189076,192.11065327577057,31458200,AAPL
2023-07-05,189.68174743652344,191.3175270975779,188.97785723169864,189.91968534956396,46920300,AAPL
2023-07-06,190.15762329101562,190.365820872437,187.57010689891024,188.204592923582,45094300,AAPL
2023-07-07,189.03733825683594,191.01020041329645,188.60114143984475,189.76106040417397,46778000,AAPL
2023-07-10,186.9851837158203,188.3533002828443,185.42870151973196,187.62957811566648,59922200,AAPL
2023-07-11,186.4597625732422,187.66925393721883,184.99251645839882,187.53046059023825,46638100,AAPL
2023-07-12,188.1351776123047,190.04854382758512,186.84637379962285,188.04594144564376,60750200,AAPL
2023-07-13,188.89854431152344,189.54295381895912,188.1450969456968,188.85889555641208,41342300,AAPL
2023-07-14,189.04727172851562,189.53304086059518,187.99640569502964,188.59122781892412,41573900,AAPL
2023-07-17,192.31883239746094,192.64599134916114,190.1576046603519,190.2468257033596,50520200,AAPL
2023-07-18,192.0610809326172,192.65591819761897,190.76236853561463,191.6843647836334,48353800,AAPL
2023-07-19,193.41929626464844,196.52232225877913,190.99038994943103,191.43652547824442,80507300,AAPL
2023-07-20,191.46624755859375,194.777470825343,190.84166997972974,193.40935427253197,59581200,AAPL
2023-07-21,190.2864990234375,193.29039530573385,189.58260879656223,192.42789492586837,71917800,AAPL
2023-07-24,191.0895233154297,193.230919269526,190.5938306479448,191.7438412670713,45377800,AAPL
2023-07-25,191.9520263671875,192.7649696142135,191.25805964859208,191.66453127210508,37283200,AAPL
2023-07-26,192.82443237304688,193.95461096026835,191.65460503159764,192.0015807949404,47471900,AAPL
2023-07-27,191.5554656982422,195.50117489112708,190.89123937354253,194.33134751765755,47460200,AAPL
2023-07-28,194.14300537109375,194.93611671931453,192.46756161890426,192.99299467254062,48291400,AAPL
2023-07-31,194.75765991210938,194.79732379964574,193.57790885902568,194.3710202090042,38824100,AAPL
2023-08-01,193.9248809814453,195.0352276872512,193.59772201405482,194.54945856713078,35175100,AAPL
2023-08-02,190.92100524902344,193.49859825449514,190.19729813092133,193.3598049013339,50389300,AAPL
2023-08-03,189.5231475830078,190.71280705310875,189.04728682043563,189.91971082460205,61235200,AAPL
2023-08-04,180.42221069335938,185.7657766923876,180.3528064633521,183.92179948550063,115799700,AAPL
2023-08-07,177.3092803955078,181.5524085909385,175.82220233279125,180.56102321579414,97576100,AAPL
2023-08-08,178.25108337402344,178.71703568412062,176.05020675575068,178.14203038384454,67823000,AAPL
2023-08-09,176.6549530029297,179.3713391045639,175.48511045638642,179.31185840559957,60378500,AAPL
2023-08-10,176.4368438720703,179.1928938087059,176.07003615011226,177.93383023619305,54686900,AAPL
2023-08-11,176.49639892578125,177.32036168980022,175.26543082107975,176.02983256684112,51988100,AAPL
2023-08-14,178.15428161621094,178.38260392804418,176.01991561712387,176.67511718788185,43675600,AAPL
2023-08-15,176.1588592529297,178.17408762934988,175.76177573799802,177.5784623569524,43622600,AAPL
2023-08-16,175.28529357910156,177.24094603057796,175.2157956243564,175.84121662599503,46964900,AAPL
2023-08-17,172.7340087890625,176.2184652373002,172.21778796969687,175.8511621348624,66062900,AAPL
2023-08-18,173.22044372558594,173.8260060676773,170.70885281849434,171.04637539663875,61114200,AAPL
2023-08-21,174.56060791015625,174.8485063914746,172.47589631953025,173.79622123414413,46311900,AAPL
2023-08-22,175.94049072265625,176.38721354501158,174.96762533098521,175.77172944077836,42084200,AAPL
2023-08-23,179.8022003173828,180.2290795956185,177.0325064942749,177.22112651388355,52722800,AAPL
2023-08-24,175.0966796875,179.78233860000068,174.72936147404116,179.355459364837,54945800,AAPL
2023-08-25,177.31045532226562,177.84651968096887,174.54076169805765,176.08940889849805,51449600,AAPL
2023-08-28,178.87896728515625,179.27605088665493,177.25090028258217,178.77968881089737,43820700,AAPL
2023-08-29,182.7803497314453,183.55467328918405,178.19396940518234,178.39251118833664,53003900,AAPL
2023-08-30,186.28466796875,186.48322490340712,183.39585240180426,183.59439418869403,60813900,AAPL
2023-08-31,186.50306701660156,187.7439721096439,186.11590523348306,186.47328650618994,60794500,AAPL
2023-09-01,188.08151245117188,188.53815704908098,186.91009015003394,188.11129296200212,45732600,AAPL
2023-09-05,188.3197479248047,188.5977094450193,186.24495831042893,186.91008160149724,45280000,AAPL
2023-09-06,181.5791473388672,187.4759302206488,180.1496223799182,187.02919231015284,81755800,AAPL
2023-09-07,176.26808166503906,176.91336139268128,172.27732670257566,173.90539355501954,112488800,AAPL
2023-09-08,176.88356018066406,178.92858440411607,176.4963984153427,177.05233659559462,65551300,AAPL
2023-09-11,178.05499267578125,178.98815574028976,176.04968578063105,178.75983344187836,58953100,AAPL
2023-09-12,175.0172576904297,178.81939272059032,173.5480302988034,178.18404991763566,90370200,AAPL
2023-09-13,172.94247436523438,176.00998823848755,172.7141369128852,175.22572770658326,84267900,AAPL
2023-09-14,174.46133422851562,174.81871550108795,172.3170465930817,172.73398888645488,60895800,AAPL
2023-09-15,173.7366180419922,175.2157822233053,172.5552892315787,175.19592350235882,109205100,AAPL
2023-09-18,176.6750946044922,178.0748391046168,174.88818834345716,175.1959303652364,67257600,AAPL
2023-09-19,177.76710510253906,178.32302815377042,175.84121799808253,176.22837977645918,51826900,AAPL
2023-09-20,174.21315002441406,178.3925098170354,174.1237933470795,177.95570880879336,58436200,AAPL
2023-09-21,172.66448974609375,175.01725608596104,172.59500693822505,173.27998896827123,63047900,AAPL
2023-09-22,173.5182342529297,175.79158086544706,172.7836281326413,173.39911221131908,56725400,AAPL
2023-09-25,174.79885864257812,175.6823824720043,172.88289328236814,172.93253251615403,46172700,AAPL
2023-09-26,170.70883178710938,173.92524796713502,170.41101154694528,173.54802313417602,64588900,AAPL
2023-09-27,169.18995666503906,171.78096710415326,167.8200077433672,171.36402481079512,66921800,AAPL
2023-09-28,169.44805908203125,170.77830558378838,166.4003891832915,168.10787564587397,56294400,AAPL
2023-09-29,169.96429443359375,171.81076180692196,169.10061419351356,170.76839850543928,51814200,AAPL
2023-10-02,172.48580932617188,173.03181060107437,169.6863201427267,169.97421860938772,52164500,AAPL
2023-10-03,171.14561462402344,172.36667607241205,169.5771240058018,171.0066338674304,49594600,AAPL
2023-10-04,172.39645385742188,172.9424550881848,169.72602386786275,169.84514590084152,53020300,AAPL
2023-10-05,173.63735961914062,174.17342391765436,171.42357417816774,172.5254984313363,48527900,AAPL
2023-10-06,176.19859313964844,176.69495515352654,171.91993985589522,172.53543905358532,57224100,AAPL
2023-10-09,177.6876678466797,177.74722886090305,174.52087597650268,175.52352172738225,42390800,AAPL
2023-10-10,177.09205627441406,178.4123811800482,176.65525523522464,176.8041729428218,43698000,AAPL
2023-10-11,178.49179077148438,178.54143000452555,176.30780084757703,176.90342620076967,47551100,AAPL
2023-10-12,179.39517211914062,181.01330204161414,177.73730960362397,178.75982932462722,56743100,AAPL
2023-10-13,177.54872131347656,180.60629838312414,176.84388049788197,180.10001451689263,51427100,AAPL
2023-10-16,177.41964721679688,177.7770284883398,175.22572035442593,175.46397958471027,52517000,AAPL
2023-10-17,175.86106872558594,177.12183257732815,173.5281761730158,175.36470667426025,57549400,AAPL
2023-10-18,174.56060791015625,176.2879533547619,173.8359235344459,174.3025050887744,54764400,AAPL
2023-10-19,174.1833953857422,176.54606868924478,173.91535560946087,174.75916209365136,59302900,AAPL
2023-10-20,171.62213134765625,174.14364366291989,171.3838721325441,174.03444341613093,64189300,AAPL
2023-10-23,171.74127197265625,172.7439178760632,168.69360166729962,169.66648220683237,55980100,AAPL
2023-10-24,172.1780548095703,172.40637709061713,170.2025285754243,171.79089305137515,43816600,AAPL
2023-10-25,169.85508728027344,171.80081789275204,169.40834934938033,170.62941081043056,57157000,AAPL
2023-10-26,165.67572021484375,170.13305676328346,164.4645956319317,169.1303957533013,70625300,AAPL
2023-10-27,166.9960479736328,167.73066925493364,165.6161620916175,165.69558183671225,58499100,AAPL
2023-10-30,169.05096435546875,169.92456632823416,167.6412980843576,167.79021577395145,51131000,AAPL
2023-10-31,169.52748107910156,169.65652489813172,166.67835290941483,168.11781482217418,44846000,AAPL
2023-11-01,172.70420837402344,172.9623111800798,168.88221462983017,169.75581666227828,56934900,AAPL
2023-11-02,176.2779998779297,176.48646342563364,174.18335172794758,174.24291274157727,77334800,AAPL
2023-11-03,175.3647003173828,175.53347673875106,172.08872301559984,172.97224682902157,79763700,AAPL
2023-11-06,177.92593383789062,178.1244756256995,174.92791800211177,175.09667927913767,63841300,AAPL
2023-11-07,180.49708557128906,181.11256960611928,177.66781610245852,177.87627966042598,70530000,AAPL
2023-11-08,181.5592803955078,182.11520337708598,180.2687362466927,181.02321613406178,49340300,AAPL
2023-11-09,181.08279418945312,182.78034380026955,180.48715371155149,181.62879543623518,53763500,AAPL
2023-11-10,185.2875518798828,185.4565506612299,182.43468499907056,182.87206148972973,66133400,AAPL
2023-11-13,183.6970977783203,184.9197527658604,183.1106225987718,184.71101456121173,43627500,AAPL
2023-11-14,186.32135009765625,186.987349680322,185.18815428767326,186.579792942837,60108400,AAPL
2023-11-15,186.88792419433594,188.3690371233907,186.65930111391893,186.72889062449767,53790500,AAPL
2023-11-16,188.57781982421875,189.82035984023278,187.52413314974999,188.43865594913416,54412900,AAPL
2023-11-17,188.55792236328125,189.24380683321974,187.44461143684416,189.11457782649978,50922700,AAPL
2023-11-20,190.3074188232422,190.7646802061248,188.74679650771577,188.75673136709773,46505100,AAPL
2023-11-21,189.50225830078125,190.37701130719432,188.60763557529475,190.26766718139268,38134500,AAPL
2023-11-22,190.16824340820312,191.77857025832532,189.6911123355231,190.34717704028523,39617700,AAPL
2023-11-24,188.83624267578125,189.76068506922263,188.1205384889839,189.73086532541635,24048300,AAPL
2023-11-27,188.65731811523438,189.53207108953595,187.77263028176083,188.78654712309,40552600,AAPL
2023-11-28,189.263671875,189.9396214691522,188.26963995303524,188.64737693705334,38415400,AAPL
2023-11-29,188.2398223876953,190.9435904601538,187.84221568139642,189.76069003248776,43014200,AAPL
2023-11-30,188.8163604736328,189.1841625986753,187.06686975200412,188.70701635554832,48794400,AAPL
2023-12-01,190.09869384765625,190.4167762150089,188.1006797287955,189.19412104596933,45679300,AAPL
2023-12-04,188.29946899414062,188.91577913023963,186.33128993843854,188.84618961175903,43389500,AAPL
2023-12-05,192.26565551757812,193.23980256929687,189.0449865799245,189.07482149235318,66628400,AAPL
2023-12-06,191.17222595214844,193.5976510937421,190.9634725753497,193.28950362567244,41089700,AAPL
2023-12-07,193.110595703125,193.83623479668313,192.43464607405332,192.4744158469115,47477700,AAPL
2023-12-08,194.5419921875,194.8203199094653,192.5141585929263,193.04099429291227,53377300,AAPL
2023-12-11,192.02708435058594,192.33524699521988,190.27759358324766,191.9575100014726,60943700,AAPL
2023-12-12,193.5479736328125,193.5579084922386,190.5758125501861,191.92769665062553,52696900,AAPL
2023-12-13,196.77854919433594,196.81830379403195,193.68710957348847,193.92566750710878,70404200,AAPL
2023-12-14,196.9276885986328,198.42867152282497,194.98932914878858,196.83822935503815,66831600,AAPL
2023-12-15,196.39088439941406,197.21591750628332,195.82427895138287,196.35111463057538,128256700,AAPL
2023-12-18,194.7209014892578,195.45649052996882,193.2298536912898,194.9197048287757,55751900,AAPL
2023-12-19,195.76466369628906,195.77459855586707,194.72092706706565,194.98931995291727,40714100,AAPL
2023-12-20,193.66725158691406,196.50023361616374,193.66725158691406,195.72488988877126,52242800,AAPL
2023-12-21,193.5181121826172,195.90379770975298,192.34516188676014,194.9296507492267,46482500,AAPL
2023-12-22,192.44459533691406,194.24379077463595,191.8183503425399,194.01515250091973,37122800,AAPL
2023-12-26,191.8978729248047,192.73285613100865,191.67918468017166,192.45452839560733,28919300,AAPL
2023-12-27,191.9972686767578,192.34518593287333,189.94956524818429,191.34121910492223,48087700,AAPL
2023-12-28,192.42469787597656,193.49825415286705,192.01714115491455,192.98135331561093,34049900,AAPL
2023-12-29,191.38095092773438,193.23978563415233,190.58572241393787,192.7427697089948,42628800,AAPL
2024-01-02,184.53208923339844,187.31538170646215,182.79253333369908,186.03307200647276,82488700,AAPL
2024-01-03,183.15040588378906,184.77068298489988,182.3352923192933,183.1205861355978,58414500,AAPL
2024-01-04,180.82435607910156,181.99730650228184,179.80050438167336,181.06291404030495,71983600,AAPL
2024-01-05,180.09869384765625,181.6692660827433,179.09472708075188,180.90387243418792,62303300,AAPL
2024-01-08,184.4525604248047,184.49233019548157,180.41679326133186,181.0032684531674,59144500,AAPL
2024-01-09,184.0350799560547,184.04501481546237,181.63945924679223,182.8223597284498,42841800,AAPL
2024-01-10,185.0787811279297,185.28751930959103,182.8223247210693,183.24976627734006,46792900,AAPL
2024-01-11,184.48239135742188,185.93368472067908,182.52414714521402,185.42671870400414,49128400,AAPL
2024-01-12,184.81040954589844,185.6255229866903,184.08477050382692,184.9495734055796,40444700,AAPL
2024-01-16,182.53407287597656,183.16030262539027,179.85017475552078,181.07284484780743,65603000,AAPL
2024-01-17,181.5897674560547,181.83827546833925,179.22398149315907,180.18819379424113,47317400,AAPL
2024-01-18,187.50424194335938,188.01119275141858,184.72094959289208,184.979392426226,78005800,AAPL
2024-01-19,190.41676330566406,190.8044351704297,187.693125392904,188.20007624137466,68741000,AAPL
2024-01-22,192.73284912109375,194.16425751836653,191.11257223144145,191.15234200232317,60133900,AAPL
2024-01-23,194.01515197753906,194.58175747905844,192.67321792314553,193.8561183903394,42355600,AAPL
2024-01-24,193.33920288085938,195.20798769039715,193.18015413797895,194.25371040083746,53631300,AAPL
2024-01-25,193.01116943359375,195.0986424607324,191.95749806154728,194.0549059471631,54822100,AAPL
2024-01-26,191.27162170410156,193.59765277461963,190.79449062577763,193.11058683739938,44594000,AAPL
2024-01-29,190.58575439453125,191.05295065599338,188.44859162482356,190.8640821459055,47145600,AAPL
2024-01-30,186.9177703857422,190.6553404086777,186.35118003362723,189.80047228297695,55859400,AAPL
2024-01-31,183.2994842529297,185.98338263365994,183.24979478995033,185.92372797618197,55467800,AAPL
2024-02-01,185.74481201171875,185.83427124755644,182.72296153753896,182.8919451500293,64885400,AAPL
2024-02-02,184.7408447265625,186.21200777158808,178.18022776276848,178.78658786144558,102518000,AAPL
2024-02-05,186.55990600585938,188.120543422021,184.73089088840356,187.02710222804,69668800,AAPL
2024-02-06,188.1702423095703,188.180177168222,185.65534280788862,185.74480203892318,43490800,AAPL
2024-02-07,188.2795867919922,189.9097985097057,187.48435823433906,189.5022417883465,53439000,AAPL
2024-02-08,187.1961212158203,188.4088263513659,186.23190892276523,188.25972761232654,40962000,AAPL
2024-02-09,187.9624786376953,189.0971204380579,187.11646725876852,187.76340641648085,45155200,AAPL
2024-02-12,186.27044677734375,187.78330749959082,185.91213805857674,187.53448242231033,41781900,AAPL
2024-02-13,184.1703643798828,185.33487911795885,182.64755610649428,184.89694454758455,56529500,AAPL
2024-02-14,183.28456115722656,184.65808055839094,181.5826059912504,184.44907598078342,54630500,AAPL
2024-02-15,182.9959259033203,183.62296999377594,180.4977274519665,182.68738521978767,65434500,AAPL
2024-02-16,181.45318603515625,183.981257173353,180.81619448303394,182.5579699194549,49701400,AAPL
2024-02-20,180.7067108154297,181.57261717237213,179.1540448566047,180.93562562036504,53665600,AAPL
2024-02-21,181.4631805419922,182.03049388623003,179.81097819372195,181.08496152111414,41529700,AAPL
2024-02-22,183.50352478027344,184.09076354210745,181.60251261136847,182.6177080564135,52292200,AAPL
2024-02-23,181.66221618652344,184.17036202409395,181.37357059288817,184.1405042298665,45119700,AAPL
2024-02-26,180.30860900878906,181.90108040317875,179.8009961275691,181.38353517321784,40867400,AAPL
2024-02-27,181.77169799804688,183.05562869813585,178.71611879819,180.24888975946536,54318900,AAPL
2024-02-28,180.56739807128906,182.25940572629614,179.28346722817705,181.65227187035535,48953900,AAPL
2024-02-29,179.90054321289062,181.71199718953457,178.6862755375109,180.41810366151438,136682600,AAPL
2024-03-01,178.815673828125,179.6815803178056,176.54639012704013,178.7061901764464,73488000,AAPL
2024-03-04,174.27711486816406,176.06864352848322,172.97325852152966,175.32216819099037,81510100,AAPL
2024-03-05,169.32049560546875,171.2314705105848,168.82284541599856,169.95748724050745,95132400,AAPL
2024-03-06,168.32518005371094,170.43522699407845,167.88724549652,170.256065044738,68587700,AAPL
2024-03-07,168.20574951171875,169.92761476617306,167.6981518296525,168.35503848083317,71765100,AAPL
2024-03-08,169.92762756347656,172.8836708711805,168.14604658720506,168.20576217934803,76114600,AAPL
2024-03-11,171.93814086914062,173.56048535052068,171.2414336396481,172.12725037151972,60139500,AAPL
2024-03-12,172.41586303710938,173.2121062975323,170.20629520329734,172.3362371923594,59825400,AAPL
2024-03-13,170.3257598876953,172.37607625258147,169.95748841772314,171.9580519129805,52488700,AAPL
2024-03-14,172.1869659423828,173.49080701178275,171.2414336176872,172.0973925529764,72913500,AAPL
2024-03-15,171.80873107910156,171.80873107910156,169.4896795825833,170.36554869703198,121664700,AAPL
2024-03-18,172.90357971191406,176.87483361469177,172.70452267737835,174.7448914522954,75604200,AAPL
2024-03-19,175.2524871826172,175.77999515234478,172.2168180823409,173.52065910891577,55215200,AAPL
2024-03-20,177.83030700683594,177.83030700683594,174.2671300256647,174.89417408943874,53423100,AAPL
2024-03-21,170.56460571289062,176.65585381045534,170.037097774542,176.21791925324277,106181300,AAPL
2024-03-22,171.47035217285156,172.23673773536032,169.26078406375387,170.95279171103329,71106600,AAPL
2024-03-25,170.0470733642578,171.13194711675717,168.65364374159117,169.76839047714014,54288300,AAPL
2024-03-26,168.9124298095703,170.61438491064948,168.78303590364706,169.20106023000122,57388400,AAPL
2024-03-27,172.49549865722656,172.78414425918754,169.31054062211945,169.609133760084,60273300,AAPL
2024-03-28,170.67408752441406,171.42056273337485,169.70864503919194,170.94282285202152,65672700,AAPL
2024-04-01,169.23092651367188,170.4451942217802,168.68350825393796,170.38547862745995,46240500,AAPL
2024-04-02,168.0465087890625,168.54415896803064,167.43937496323824,168.28538634231538,49329500,AAPL
2024-04-03,168.85269165039062,169.8778497555363,167.78772821512752,167.99673277562965,47691700,AAPL
2024-04-04,168.026611328125,171.11203328162168,168.026611328125,169.48968886138192,53704400,AAPL
2024-04-05,168.78305053710938,169.58924146405172,168.15600639967445,168.79299807416663,42055200,AAPL
2024-04-08,167.65835571289062,168.40483104125352,167.4493511257135,168.23563178927415,37425500,AAPL
2024-04-09,168.87261962890625,169.2806964440478,167.55883097808936,167.90717701117094,42451200,AAPL
2024-04-10,166.99148559570312,168.29532657810816,166.3246362072623,168.0066961691415,49709300,AAPL
2024-04-11,174.2173614501953,174.63540094951088,167.36970557110288,167.54885233902874,91070300,AAPL
2024-04-12,175.72027587890625,177.52176704196785,173.39127675717174,173.44102962389059,101593300,AAPL
2024-04-15,171.87841796875,175.7999037342719,171.68930847441092,174.53586805138283,73531800,AAPL
2024-04-16,168.583984375,172.94338974194338,167.47920033817573,170.94284143183614,73711200,AAPL
2024-04-17,167.21044921875,169.8479889202863,167.21044921875,168.81288329791278,50901200,AAPL
2024-04-18,166.2549591064453,167.8474456964944,165.7672716683895,167.24031189258443,43122900,AAPL
2024-04-19,164.22454833984375,165.6179626751691,163.30887389276177,165.42886837664992,67772100,AAPL
2024-04-22,165.0606231689453,166.47394798708703,163.99565958352764,164.74213492186811,48116400,AAPL
2024-04-23,166.11561584472656,166.26492000363532,164.14492548116624,164.57291251221173,49537800,AAPL
2024-04-24,168.22567749023438,168.50436038665487,165.4288858023208,165.75732156896873,48251800,AAPL
2024-04-25,169.09156799316406,169.80818542681567,167.35973999732644,168.73325927633826,50558300,AAPL
2024-04-26,168.5043487548828,170.53475474394267,168.38490238817732,169.081624768213,44838400,AAPL
2024-04-29,172.6846160888672,175.20272483761752,172.28650201133235,172.555222179483,68169400,AAPL
2024-04-30,169.52951049804688,174.1676137755898,169.20105955998108,172.51541154910535,65934800,AAPL
2024-05-01,168.5043487548828,171.89832652202932,168.31523926242042,168.78303163206596,50383100,AAPL
2024-05-02,172.21682739257812,172.6049939419865,170.08688513916925,171.69926693100732,94214900,AAPL
2024-05-03,182.51817321777344,186.12115543095717,181.80155578938326,185.7727942523785,163224100,AAPL
2024-05-06,180.85604858398438,183.33433694545525,179.5721025190793,181.49304025440043,78569700,AAPL
2024-05-07,181.54278564453125,184.0310366275269,180.46787458450643,182.58785409480518,77305800,AAPL
2024-05-08,181.8811798095703,182.20963072654146,180.5972339353124,181.9906634485607,45057100,AAPL
2024-05-09,183.70260620117188,183.792179594264,181.2541604804327,181.70204263297254,48983000,AAPL
2024-05-10,182.4368438720703,184.47000383075684,181.51992740382525,184.28063783698332,50759500,AAPL
2024-05-13,185.65602111816406,186.47328168344126,184.00157793065927,184.81883849593646,72044800,AAPL
2024-05-14,186.8021697998047,187.66926595480425,185.6659889969534,186.8819036535792,52393600,AAPL
2024-05-15,189.0845184326172,190.01139602124525,186.7423838683229,187.28058361009533,70400000,AAPL
2024-05-16,189.2041015625,190.45989075478766,189.02471179656044,189.83199615864385,52845200,AAPL
2024-05-17,189.23399353027344,190.17084727488813,188.54630236847427,188.87519880271202,41282900,AAPL
2024-05-20,190.40008544921875,191.27714266640717,188.37688635675946,188.69582178398366,44361300,AAPL
2024-05-21,191.70570373535156,192.08442053272114,190.28048580582154,190.44991454290118,42309400,AAPL
2024-05-22,190.2605438232422,192.17412585880137,189.63266445026173,191.625965130265,34648500,AAPL
2024-05-23,186.25401306152344,190.36020743395642,186.0048504863481,190.34027016979292,51005900,AAPL
2024-05-24,189.3436279296875,189.94162421863646,187.41012383078694,188.1875250894915,36294600,AAPL
2024-05-28,189.3535919189453,192.35350378297326,188.46657377923762,190.86848939299406,52280100,AAPL
2024-05-29,189.652587890625,191.6060292626522,188.8752018363686,188.97487295416659,53068000,AAPL
2024-05-30,190.6492462158203,191.53626445370173,189.99146851693155,190.12102272627732,49947900,AAPL
2024-05-31,191.60601806640625,191.92495345858123,189.2738600399137,190.79873376551856,75158300,AAPL
2024-06-03,193.38006591796875,194.33685694398167,191.8751293663799,192.25384615761888,50080500,AAPL
2024-06-04,193.69900512695312,194.66575720064256,192.38341934135104,193.98802704232938,47471400,AAPL
2024-06-05,195.21389770507812,196.24044634116564,194.2172473626493,194.74547082752238,54156800,AAPL
2024-06-06,193.82855224609375,195.84179017422778,193.5195930765027,195.03450583879902,41181800,AAPL
2024-06-07,196.23046875,196.28030430445062,193.48968053965237,193.99796669662618,53103900,AAPL
2024-06-10,192.47311401367188,196.63912045583442,191.5063619410421,196.24045118441725,97262100,AAPL
2024-06-11,206.4561004638672,206.46607669963058,192.9813995595946,193.00132161576843,172373300,AAPL
2024-06-12,212.35629272460938,219.46239922329934,206.20694681699416,206.67537368785207,198134300,AAPL
2024-06-13,213.5223846435547,216.02397164318222,210.89122822700367,214.0207098376566,97862700,AAPL
2024-06-14,211.7782440185547,214.44925972841028,210.59222763705992,213.13368913916617,70122700,AAPL
2024-06-17,215.94422912597656,218.21659070332575,212.0074632920053,212.65527993528355,93728300,AAPL
2024-06-18,213.5721893310547,217.89766325641614,212.28651711595563,216.86113841241473,79943300,AAPL
2024-06-20,208.97764587402344,213.5223844137921,208.15043943546107,213.21341001933183,86172500,AAPL
2024-06-21,206.79498291015625,211.18023828891836,206.41625091745033,209.6852627905662,246421400,AAPL
2024-06-24,207.4427947998047,211.98751777765062,205.89798377862786,207.02420349475855,80727000,AAPL
2024-06-25,208.36968994140625,210.67194975002218,207.91122410230182,208.44940858434205,56713900,AAPL
2024-06-26,212.5356903076172,214.1402980033581,209.9344322470105,210.79155216910215,66213200,AAPL
2024-06-27,213.38284301757812,215.01734896028734,211.6387049296034,213.97086306596705,49772700,AAPL
2024-06-28,209.9144744873047,215.34623061165473,209.5955543096767,215.0472324898511,82542700,AAPL
2024-07-01,216.02395629882812,216.78140506529675,211.2101334408119,211.37956216985054,60402900,AAPL
2024-07-02,219.53216552734375,219.64179766849512,214.3794853085834,215.42595595595571,58046200,AAPL
2024-07-03,220.80787658691406,220.80787658691406,218.29631357753755,219.26306558331447,37369800,AAPL
2024-07-05,225.5818328857422,225.69146503075916,220.90754038733803,220.90754038733803,60412400,AAPL
2024-07-08,227.056884765625,227.08678305881674,222.50218547217585,226.32931907748747,59085900,AAPL
2024-07-09,227.9139862060547,228.631575647805,225.6117264169712,227.1664984715379,48076100,AAPL
2024-07-10,232.1995849609375,232.2992560750062,228.48208356286247,228.53191911989683,62627700,AAPL
2024-07-11,226.80772399902344,231.61157070495582,225.01375035477759,230.61492037011672,64710600,AAPL
2024-07-12,229.76776123046875,231.86073301422448,227.91399100155513,228.1531925563972,53046500,AAPL
2024-07-15,233.61483764648438,236.43535998230433,232.3092281117703,235.68787221439834,62631300,AAPL
2024-07-16,234.03343200683594,235.47857190808813,231.55176727169922,234.2128217621178,43234300,AAPL
2024-07-17,228.1133270263672,230.68468664215072,225.88082486496336,228.68140979310064,57345900,AAPL
2024-07-18,223.42906188964844,229.66810263837593,221.52547133243425,229.50863493701104,66034600,AAPL
2024-07-19,223.55862426757812,226.04028896611686,222.5320756847993,224.06692564873424,49151500,AAPL
2024-07-22,223.20982360839844,227.01702011468987,222.34272744507626,226.24959507146193,48201800,AAPL
2024-07-23,224.25628662109375,226.17982967750157,221.93408951337017,223.61843101438217,39960300,AAPL
2024-07-24,217.80796813964844,224.04700927387208,216.40270265661363,223.24968592545983,61777600,AAPL
2024-07-25,216.76148986816406,220.11023564894725,213.9010930254534,218.19665359620475,51391200,AAPL
2024-07-26,217.22991943359375,218.7547932697213,215.28643906297688,217.96743096801922,41601300,AAPL
2024-07-29,217.50897216796875,218.5654190781,215.0273073866339,216.23326096996,36311800,AAPL
2024-07-30,218.0670928955078,219.59196666736065,215.3960621319004,218.45578591171193,41643800,AAPL
2024-07-31,221.3361053466797,223.07028238181744,219.89096542123676,220.6982497488722,50036300,AAPL
2024-08-01,217.62855529785156,223.72805013234773,216.29304757526307,223.618417993468,62501000,AAPL
2024-08-02,219.12355041503906,224.84432899946665,216.98075820790513,218.41592196270943,105568600,AAPL
2024-08-05,208.56903076171875,212.7848576409039,195.3434758670593,198.423121913284,119548600,AAPL
2024-08-06,206.53585815429688,209.28662299148326,200.39650324752455,204.612330181792,69660500,AAPL
2024-08-07,209.11717224121094,212.92436846093156,205.69865382063958,206.20693999643444,63516400,AAPL
2024-08-08,212.59548950195312,213.48250772924823,208.13050007077933,212.39616246807245,47161100,AAPL
2024-08-09,215.51568603515625,216.05387055494424,211.259984607228,211.38955402452135,42201600,AAPL
2024-08-12,217.0522918701172,219.02793942662467,215.12653755613,215.59550663031672,38028100,AAPL
2024-08-13,220.78407287597656,221.40270642093424,218.52902632127157,218.52902632127157,44155300,AAPL
2024-08-14,221.23309326171875,222.54021400164925,219.21752501736546,220.08562480803565,41960600,AAPL
2024-08-15,224.22650146484375,224.8551228159093,222.27079905335071,224.10676986474735,46414000,AAPL
2024-08-16,225.5535888671875,226.33187474025672,223.15885022096822,223.42826155403992,44340200,AAPL
2024-08-19,225.39393615722656,225.4937226434457,222.5501887780633,225.2243113108782,40687800,AAPL
2024-08-20,226.0125732421875,226.6711275207631,224.95490346311303,225.27420804373648,30299000,AAPL
2024-08-21,225.90280151367188,227.47933353511345,224.5557753561492,226.02254833732334,34765500,AAPL
2024-08-22,224.03692626953125,227.8385569948794,223.4083048904395,227.28976176117078,43695300,AAPL
2024-08-23,226.3418426513672,227.7188169640382,223.83736023691762,225.16444130741013,38677300,AAPL
2024-08-26,226.68109130859375,226.7808777924977,223.39832305195915,226.2620154817008,30602200,AAPL
2024-08-27,227.5292205810547,228.3474270817302,224.39611696496783,225.5036798955901,35934600,AAPL
2024-08-28,225.99261474609375,229.35520907583674,225.18438078371824,227.4194670399241,38052200,AAPL
2024-08-29,229.28536987304688,232.4085012026452,228.37737982242845,229.59470189609323,51906300,AAPL
2024-08-30,228.49710083007812,229.89402024722435,226.98043458769098,229.6844899472923,52990800,AAPL
2024-09-03,222.28077697753906,228.49709095305272,220.68428466242796,228.04808224732741,50190600,AAPL
2024-09-04,220.36500549316406,221.29295584608857,217.0023958735564,221.17322424578342,43840200,AAPL
2024-09-05,221.89163208007812,224.98481497811864,221.03352013282222,221.14327916881817,36615400,AAPL
2024-09-06,220.3350830078125,224.74537478911404,219.28738577978086,223.4581991238727,48423000,AAPL
2024-09-09,220.42486572265625,220.7840757397734,216.23409233980902,220.33506702469683,67180000,AAPL
2024-09-10,219.6266326904297,220.99361925876318,216.25405039598212,218.4392435287618,51591000,AAPL
2024-09-11,222.1710205078125,222.6000688776049,217.4114916314568,220.9736588702828,44587100,AAPL
2024-09-12,222.28077697753906,223.059062794204,219.33725854525207,222.01136566399225,37498200,AAPL
2024-09-13,222.01138305664062,223.5479944694599,221.42268236911949,223.08901316997165,36766600,AAPL
2024-09-16,215.84495544433594,216.74297289953918,213.4502168549942,216.0644583037111,59357400,AAPL
2024-09-17,216.31390380859375,216.42366284814068,214.02893954474482,215.27619443719672,45519300,AAPL
2024-09-18,220.20535278320312,222.22092099435915,217.06226125375574,217.07224903728172,59894900,AAPL
2024-09-19,228.3673858642578,229.31531179988679,224.1367068474718,224.49591687958383,66781300,AAPL
2024-09-20,227.6988525390625,232.57811312113958,227.12012443578536,229.46496974860833,318679900,AAPL
2024-09-23,225.97265625,228.94610768522742,225.31410200503296,226.8407407931877,54146000,AAPL
2024-09-24,226.8706817626953,228.8463445678705,225.2342838755063,228.14786961487798,43556100,AAPL
2024-09-25,225.8728790283203,226.79085685048213,223.52804884217394,224.43603888049125,42308700,AAPL
2024-09-26,227.02035522460938,227.99819881641105,224.9149883158055,226.80083714120576,36636700,AAPL
2024-09-27,227.2897491455078,229.01596089620384,226.80083496693393,227.9582911728241,34026000,AAPL
2024-09-30,232.4883270263672,232.4883270263672,229.14567760776433,229.53482055042815,54541900,AAPL
2024-10-01,225.71324157714844,229.14567442683443,223.24866456606327,229.01597026460064,63285000,AAPL
2024-10-02,226.281982421875,226.8706831083472,222.5302449869956,225.39393750024195,32880600,AAPL
2024-10-03,225.17440795898438,226.3119038145279,222.82957789090332,224.64557310138042,34044200,AAPL
2024-10-04,226.30194091796875,227.49930262356304,223.63780617480538,227.39951613756347,37245100,AAPL
2024-10-07,221.20315551757812,225.1943712346882,220.84394549402703,224.0069821228032,39505400,AAPL
2024-10-08,225.27420043945312,225.4837307412941,222.75973024040246,223.80742742544692,31855700,AAPL
2024-10-09,229.03591918945312,229.24546472466872,224.33627096325682,224.73538646570117,33591100,AAPL
2024-10-10,228.53701782226562,228.99601435408132,226.67112924406288,227.27979028338342,28183500,AAPL
2024-10-11,227.05029296875,228.9062089337624,226.84074743911052,228.79644988971887,31759200,AAPL
2024-10-14,230.79205322265625,231.22110160659443,228.09798564307096,228.19775690140833,39882100,AAPL
2024-10-15,233.33645629882812,236.9684620133565,231.85969551276995,233.0969778733182,64751400,AAPL
2024-10-16,231.27099609375,231.61024577942743,229.33525401328018,231.09139869260778,34082200,AAPL
2024-10-17,231.6401824951172,233.3364614020046,230.0137723986246,232.9173703418766,32993800,AAPL
2024-10-18,234.48391723632812,235.66131853389138,233.4960858911256,235.66131853389138,46431500,AAPL
2024-10-21,235.96067810058594,236.32987592195377,233.9351372634737,233.9351372634737,36254500,AAPL
2024-10-22,235.342041015625,235.70125104779564,232.08920560922664,233.376366009758,38846600,AAPL
2024-10-23,230.25323486328125,234.62362105235994,227.25982300232985,233.56595129753524,52287000,AAPL
2024-10-24,230.0636749267578,230.3131259260407,227.90841463888628,229.47495899723685,31109500,AAPL
2024-10-25,230.9018096923828,232.7078323586645,229.0658541264054,229.23547896644118,38802300,AAPL
2024-10-28,232.88743591308594,234.21451699403664,232.03931169048735,232.80762499530724,36087100,AAPL
2024-10-29,233.15684509277344,233.815399347975,231.8098189074392,232.58810476348472,35417200,AAPL
2024-10-30,229.5946807861328,232.95727501758805,229.04588560251634,232.09916306464564,47070900,AAPL
2024-10-31,225.4138946533203,229.325284321648,224.8750719925984,228.83635490362704,64370100,AAPL
2024-11-01,222.42047119140625,224.8551151455125,219.78626950218685,220.48472918772245,65276700,AAPL
2024-11-04,221.52244567871094,222.3007315284092,219.2275088130919,220.5046966292777,44944500,AAPL
2024-11-05,222.95928955078125,223.45819152571042,220.65436486265338,221.31291912362707,28111300,AAPL
2024-11-06,222.23089599609375,225.5735453041769,220.7042571772517,222.12113695305962,54561100,AAPL
2024-11-07,226.98043823242188,227.37956894750107,224.0768403097807,224.13670611072257,42137700,AAPL
2024-11-08,226.7107391357422,228.4088689967903,226.16134014604208,226.92049995960826,38328800,AAPL
2024-11-11,223.98373413085938,225.45212091614073,221.25673663335022,224.7528927426808,42005600,AAPL
2024-11-12,223.98373413085938,225.34224111445195,223.11469448970428,224.30339000560164,40398300,AAPL
2024-11-13,224.8727569580078,226.4010754152989,222.5153482196322,223.76397540644066,48566200,AAPL
2024-11-14,227.9693603515625,228.61864039722624,224.7528954725484,224.77287777547028,44923900,AAPL
2024-11-15,224.7528839111328,226.67077335813082,224.023689933323,226.15134020310103,47923700,AAPL
2024-11-18,227.7695770263672,229.4876892234719,224.92270099550518,225.00261496304853,44686000,AAPL
2024-11-19,228.02928161621094,229.90722171238716,226.41106572007726,226.73070634208972,36211800,AAPL
2024-11-20,228.7484893798828,229.67746064503265,225.64190448211673,227.80951934283004,35169600,AAPL
2024-11-21,228.26902770996094,229.90722593821596,225.46211628612434,228.6286329426038,42108300,AAPL
2024-11-22,229.61753845214844,230.46661102927646,227.80952873867182,227.80952873867182,38168300,AAPL
2024-11-25,232.61424255371094,232.99383009111634,229.48769048234254,231.2058026888721,90152800,AAPL
2024-11-26,234.8018341064453,235.31128373473052,233.07373841155265,233.07373841155265,45986200,AAPL
2024-11-27,234.67198181152344,235.43115689965902,233.55321672420507,234.21249554010248,33498400,AAPL
2024-11-29,237.06935119628906,237.5488197625333,233.71304074851764,234.55211454995276,28481400,AAPL
2024-12-02,239.3268585205078,240.52553753151284,236.89953466637493,237.00941446483552,48137100,AAPL
2024-12-03,242.3834991455078,242.49337894569658,238.6376176509325,239.54662188503684,38861000,AAPL
2024-12-04,242.74310302734375,243.84190102311462,240.9850414761411,242.60325739533934,44383900,AAPL
2024-12-05,242.7730712890625,244.2714238935446,241.86408229295347,243.72204013219255,40033900,AAPL
2024-12-06,242.5732879638672,244.3613305629988,241.8141281502541,242.6432183998472,36870600,AAPL
2024-12-09,246.47900390625,246.96847124510987,241.48449521514058,241.56440918324205,44649200,AAPL
2024-12-10,247.4978790283203,247.93739821602466,245.0705399660552,246.61884065291167,36914800,AAPL
2024-12-11,246.2192840576172,250.52454792031958,245.98952569372008,247.68767076725757,45205800,AAPL
2024-12-12,247.68768310546875,248.46682524629017,245.41017310687806,246.61885092340057,32777500,AAPL
2024-12-13,247.85748291015625,249.01619729452798,245.96955931284188,247.54782582286595,33155300,AAPL
2024-12-16,250.7642822265625,251.10392039685559,247.3780059899919,247.71764416028498,51694800,AAPL
2024-12-17,253.20159912109375,253.5512208135588,249.50566587259755,249.80533943156328,51356400,AAPL
2024-12-18,247.77757263183594,254.0007260278641,247.46791553993853,251.88305927654196,56774100,AAPL
2024-12-19,249.51565551757812,251.72323503929724,246.81862390484895,247.22817727073837,60882300,AAPL
2024-12-20,254.21051025390625,254.71994465608725,245.42017186050566,247.76758181309805,147495300,AAPL
2024-12-23,254.98965454101562,255.36922684225433,253.17164603591402,254.49020366493687,40858800,AAPL
2024-12-24,257.91644287109375,257.92641115938613,255.0096198916901,255.2094124344067,23234700,AAPL
2024-12-26,258.7355041503906,259.81433504408284,257.34704665632455,257.90642916266114,27237100,AAPL
2024-12-27,255.30929565429688,258.41589596104086,252.78207543596488,257.54682582842287,42355300,AAPL
2024-12-30,251.9230194091797,253.22159473829512,250.47461491371794,251.95298524244893,35557500,AAPL
2024-12-31,250.1449737548828,253.00183336212825,249.15605553782555,252.16275955239965,39480700,AAPL
2025-01-02,243.5821990966797,248.826433311358,241.55442975303322,248.65660659999048,55740700,AAPL
2025-01-03,243.0927276611328,243.91181916074598,241.624340886356,243.0927276611328,40244100,AAPL
2025-01-06,244.73092651367188,247.05836939894766,242.93290033169586,244.04168187374515,45045600,AAPL
2025-01-07,241.94400024414062,245.28032844029428,241.08494412707995,242.71314361950866,40856000,AAPL
2025-01-08,242.43344116210938,243.44234164075266,239.78635773622742,241.65429905026372,37628900,AAPL
2025-01-10,236.58987426757812,239.8962364632009,232.74409661721964,239.7463920626497,61710900,AAPL
2025-01-13,234.14256286621094,234.41227060505477,229.46771001708314,233.27352322575203,49630700,AAPL
2025-01-14,233.02378845214844,235.8606656353981,232.21468051006943,234.49217517741417,39435300,AAPL
2025-01-15,237.60874938964844,238.6975638581554,234.17252500331003,234.38230107288462,39832000,AAPL
2025-01-16,228.00930786132812,237.74859991927732,227.7795647267042,237.089336348529,71759100,AAPL
2025-01-17,229.7274169921875,232.03487756376998,228.22906438809179,231.86506609768284,68488300,AAPL
2025-01-21,222.39547729492188,224.17352112887505,219.13906319002535,223.75398423747347,98070400,AAPL
2025-01-22,223.58416748046875,223.87384226456615,219.54859611049605,219.54859611049605,64126500,AAPL
2025-01-23,223.41436767578125,226.78066167492807,222.05586069453574,224.493183388126,60234800,AAPL
2025-01-24,222.5353240966797,225.38220009721186,221.16683361690275,224.53312753788666,54697900,AAPL
2025-01-27,229.6075439453125,231.89502211760887,223.73399710835045,223.77396171163917,94863400,AAPL
2025-01-28,237.99832153320312,239.9262098046868,230.55650666713984,230.59647127201654,75707600,AAPL
2025-01-29,239.0971221923828,239.5965730646729,233.75299176206667,233.86287156365174,45486100,AAPL
2025-01-30,237.3290557861328,240.52553823889048,236.94948349745044,238.40787147181928,55658300,AAPL
2025-01-31,235.74081420898438,246.91852728753366,233.18362815459494,246.91852728753366,101075100,AAPL
2025-02-03,227.75958251953125,231.5753945205246,225.45212191586603,229.73741895869952,73063300,AAPL
2025-02-04,232.54432678222656,232.87396618357337,226.40107197135944,227.00041910872287,45067300,AAPL
2025-02-05,232.21469116210938,232.4144684638066,228.0193068583431,228.27901582634638,39620300,AAPL
2025-02-06,232.9638671875,233.54323203112875,230.17692277145878,231.0359788855247,29925300,AAPL
2025-02-07,227.3800048828125,233.74300400322835,227.0104008794231,232.3445476829273,39707200,AAPL
2025-02-10,227.64999389648438,230.58999633789062,227.1999969482422,229.57000732421875,33115600,AAPL
2025-02-11,232.6199951171875,235.22999572753906,228.1300048828125,228.1999969482422,53718400,AAPL
2025-02-12,236.8699951171875,236.9600067138672,230.67999267578125,231.1999969482422,45243300,AAPL
2025-02-13,241.52999877929688,242.33999633789062,235.57000732421875,236.91000366210938,53614100,AAPL
2025-02-14,244.60000610351562,245.5500030517578,240.99000549316406,241.25,40896200,AAPL
2025-02-18,244.47000122070312,245.17999267578125,241.83999633789062,244.14999389648438,48822500,AAPL
2025-02-19,244.8699951171875,246.00999450683594,243.16000366210938,244.66000366210938,32204200,AAPL
2025-02-20,245.8300018310547,246.77999877929688,244.2899932861328,244.94000244140625,32316900,AAPL
2025-02-21,245.5500030517578,248.69000244140625,245.22000122070312,245.9499969482422,53197400,AAPL
2025-02-24,247.10000610351562,248.86000061035156,244.4199981689453,244.92999267578125,51326400,AAPL
2025-02-25,247.0399932861328,250.0,244.91000366210938,248.0,48013300,AAPL
2025-02-26,240.36000061035156,244.97999572753906,239.1300048828125,244.3300018310547,44433600,AAPL
2025-02-27,237.3000030517578,242.4600067138672,237.05999755859375,239.41000366210938,41153600,AAPL
2025-02-28,241.83999633789062,242.08999633789062,230.1999969482422,236.9499969482422,56833400,AAPL
2025-03-03,238.02999877929688,244.02999877929688,236.11000061035156,241.7899932861328,47184000,AAPL
2025-03-04,235.92999267578125,240.07000732421875,234.67999267578125,237.7100067138672,53798100,AAPL
2025-03-05,235.74000549316406,236.5500030517578,229.22999572753906,235.4199981689453,47227600,AAPL
2025-03-06,235.3300018310547,237.86000061035156,233.16000366210938,234.44000244140625,45170400,AAPL
2025-03-07,239.07000732421875,241.3699951171875,234.75999450683594,235.11000061035156,46273600,AAPL
2025-03-10,227.47999572753906,236.16000366210938,224.22000122070312,235.5399932861328,72071200,AAPL
2025-03-11,220.83999633789062,225.83999633789062,217.4499969482422,223.80999755859375,76137400,AAPL
2025-03-12,216.97999572753906,221.75,214.91000366210938,220.13999938964844,62547500,AAPL
2025-03-13,209.67999267578125,216.83999633789062,208.4199981689453,215.9499969482422,61368300,AAPL
2025-03-14,213.49000549316406,213.9499969482422,209.5800018310547,211.25,60107600,AAPL
2025-03-17,214.0,215.22000122070312,209.97000122070312,213.30999755859375,48073400,AAPL
2025-03-18,212.69000244140625,215.14999389648438,211.49000549316406,214.16000366210938,42432400,AAPL
2025-03-19,215.24000549316406,218.75999450683594,213.75,214.22000122070312,54385400,AAPL
2025-03-20,214.10000610351562,217.49000549316406,212.22000122070312,213.99000549316406,48862900,AAPL
2025-03-21,218.27000427246094,218.83999633789062,211.27999877929688,211.55999755859375,94127800,AAPL
2025-03-24,220.72999572753906,221.47999572753906,218.5800018310547,221.0,44299500,AAPL
2025-03-25,223.75,224.10000610351562,220.0800018310547,220.77000427246094,34493600,AAPL
2025-03-26,221.52999877929688,225.02000427246094,220.47000122070312,223.50999450683594,34466100,AAPL
2025-03-27,223.85000610351562,224.99000549316406,220.55999755859375,221.38999938964844,37094800,AAPL
2025-03-28,217.89999389648438,223.80999755859375,217.67999267578125,221.6699981689453,39818600,AAPL
2025-03-31,222.1300048828125,225.6199951171875,216.22999572753906,217.00999450683594,65299300,AAPL
2025-04-01,223.19000244140625,223.67999267578125,218.89999389648438,219.80999755859375,36412700,AAPL
2025-04-02,223.88999938964844,225.19000244140625,221.02000427246094,221.32000732421875,35905900,AAPL
2025-04-03,203.19000244140625,207.49000549316406,201.25,205.5399932861328,103419000,AAPL
2025-04-04,188.3800048828125,199.8800048828125,187.33999633789062,193.88999938964844,125910900,AAPL
2025-04-07,181.4600067138672,194.14999389648438,174.6199951171875,177.1999969482422,160466300,AAPL
2025-04-08,172.4199981689453,190.33999633789062,169.2100067138672,186.6999969482422,120859500,AAPL
2025-04-09,198.85000610351562,200.61000061035156,171.88999938964844,171.9499969482422,184395900,AAPL
2025-04-10,190.4199981689453,194.77999877929688,183.0,189.07000732421875,121880000,AAPL
2025-04-11,198.14999389648438,199.5399932861328,186.05999755859375,186.10000610351562,87300000,AAPL
